x,y
-0.12224496457091448,-0.007637471221133937
-0.12224496457091448,-0.007637471221133937
-0.12224496457091448,-0.007637471221133937
-0.12224496457091448,-0.007637471221133937
-0.12224496457091448,-0.007637471221133937
-0.12224496457091448,-0.007637471221133937
-0.12224496457091448,-0.007637471221133937
-0.12224496457091448,-0.007637471221133937
-0.12224496457091448,-0.007637471221133937
-0.12224496457091448,-0.007637471221133937
-0.12224496457091448,-0.007637471221133937
-0.12224496457091448,-0.007637471221133937
-0.12224496457091448,-0.007637471221133937
-0.12224496457091448,-0.007637471221133937
-0.12224496457091448,-0.007637471221133937
-0.12224496457091448,-0.007637471221133937
-0.12224496457091448,-0.007637471221133937
-0.12224496457091448,-0.007637471221133937
-0.12224496457091448,-0.007637471221133937
-0.12224496457091448,-0.007637471221133937
-0.12224496457091448,-0.007637471221133937
-0.12224496457091448,-0.007637471221133937
-0.12224496457091448,-0.007637471221133937
-0.12224496457091448,-0.007637471221133937
-0.12224496457091448,-0.007637471221133937
-0.12224496457091448,-0.007637471221133937
-0.12224496457091448,-0.007637471221133937
-0.12224496457091448,-0.007637471221133937
-0.12224496457091448,-0.007637471221133937
-0.12224496457091448,-0.007637471221133937
-0.12224496457091448,-0.007637471221133937
-0.12224496457091448,-0.007637471221133937
-0.12224496457091448,-0.007637471221133937
-0.12224496457091448,-0.007637471221133937
-0.12224496457091448,-0.007637471221133937
-0.12224496457091448,-0.007637471221133937
-0.09738425418671114,-0.10008797459250379
-0.09738425418671114,-0.10008797459250379
-0.09738425418671114,-0.10008797459250379
-0.09738425418671114,-0.10008797459250379
-0.09738425418671114,-0.10008797459250379
-0.09738425418671114,-0.10008797459250379
-0.09738425418671114,-0.10008797459250379
-0.09738425418671114,-0.10008797459250379
-0.09738425418671114,-0.10008797459250379
-0.09738425418671114,-0.10008797459250379
-0.09738425418671114,-0.10008797459250379
-0.09738425418671114,-0.10008797459250379
-0.09738425418671114,-0.10008797459250379
-0.09738425418671114,-0.10008797459250379
-0.09738425418671114,-0.10008797459250379
-0.09738425418671114,-0.10008797459250379
-0.09738425418671114,-0.10008797459250379
-0.09738425418671114,-0.10008797459250379
-0.09738425418671114,-0.10008797459250379
-0.09738425418671114,-0.10008797459250379
-0.09738425418671114,-0.10008797459250379
-0.09738425418671114,-0.10008797459250379
-0.09738425418671114,-0.10008797459250379
-0.09738425418671114,-0.10008797459250379
-0.09738425418671114,-0.10008797459250379
-0.09738425418671114,-0.10008797459250379
-0.09738425418671114,-0.10008797459250379
-0.09738425418671114,-0.10008797459250379
-0.09738425418671114,-0.10008797459250379
-0.09738425418671114,-0.10008797459250379
-0.09738425418671114,-0.10008797459250379
-0.09738425418671114,-0.10008797459250379
-0.09738425418671114,-0.10008797459250379
-0.09738425418671114,-0.10008797459250379
-0.09738425418671114,-0.10008797459250379
-0.09738425418671114,-0.10008797459250379
-0.039455727233062024,-0.17950369018077794
-0.039455727233062024,-0.17950369018077794
-0.039455727233062024,-0.17950369018077794
-0.039455727233062024,-0.17950369018077794
-0.039455727233062024,-0.17950369018077794
-0.039455727233062024,-0.17950369018077794
-0.039455727233062024,-0.17950369018077794
-0.039455727233062024,-0.17950369018077794
-0.039455727233062024,-0.17950369018077794
-0.039455727233062024,-0.17950369018077794
-0.039455727233062024,-0.17950369018077794
-0.039455727233062024,-0.17950369018077794
-0.039455727233062024,-0.17950369018077794
-0.039455727233062024,-0.17950369018077794
-0.039455727233062024,-0.17950369018077794
-0.039455727233062024,-0.17950369018077794
-0.0017970760546502222,-0.20071051406155477
-0.0017970760546502222,-0.20071051406155477
-0.0017970760546502222,-0.20071051406155477
-0.0017970760546502222,-0.20071051406155477
-0.0017970760546502222,-0.20071051406155477
-0.0017970760546502222,-0.20071051406155477
-0.0017970760546502222,-0.20071051406155477
-0.0017970760546502222,-0.20071051406155477
-0.0017970760546502222,-0.20071051406155477
-0.0017970760546502222,-0.20071051406155477
-0.0017970760546502222,-0.20071051406155477
-0.0017970760546502222,-0.20071051406155477
-0.0017970760546502222,-0.20071051406155477
-0.0017970760546502222,-0.20071051406155477
-0.0017970760546502222,-0.20071051406155477
-0.0017970760546502222,-0.20071051406155477
0.03959028823601222,-0.21108033676194138
0.03959028823601222,-0.21108033676194138
0.03959028823601222,-0.21108033676194138
0.03959028823601222,-0.21108033676194138
0.03959028823601222,-0.21108033676194138
0.03959028823601222,-0.21108033676194138
0.03959028823601222,-0.21108033676194138
0.03959028823601222,-0.21108033676194138
0.03959028823601222,-0.21108033676194138
0.03959028823601222,-0.21108033676194138
0.03959028823601222,-0.21108033676194138
0.03959028823601222,-0.21108033676194138
0.03959028823601222,-0.21108033676194138
0.03959028823601222,-0.21108033676194138
0.03959028823601222,-0.21108033676194138
0.03959028823601222,-0.21108033676194138
0.03959028823601222,-0.21108033676194138
0.03959028823601222,-0.21108033676194138
0.03959028823601222,-0.21108033676194138
0.03959028823601222,-0.21108033676194138
0.03959028823601222,-0.21108033676194138
0.03959028823601222,-0.21108033676194138
0.03959028823601222,-0.21108033676194138
0.03959028823601222,-0.21108033676194138
0.03959028823601222,-0.21108033676194138
0.03959028823601222,-0.21108033676194138
0.03959028823601222,-0.21108033676194138
0.03959028823601222,-0.21108033676194138
0.03959028823601222,-0.21108033676194138
0.03959028823601222,-0.21108033676194138
0.03959028823601222,-0.21108033676194138
0.03959028823601222,-0.21108033676194138
0.03959028823601222,-0.21108033676194138
0.03959028823601222,-0.21108033676194138
0.03959028823601222,-0.21108033676194138
0.03959028823601222,-0.21108033676194138
0.03959028823601222,-0.21108033676194138
0.03959028823601222,-0.21108033676194138
0.03959028823601222,-0.21108033676194138
0.03959028823601222,-0.21108033676194138
0.03959028823601222,-0.21108033676194138
0.03959028823601222,-0.21108033676194138
0.03959028823601222,-0.21108033676194138
0.03959028823601222,-0.21108033676194138
0.03959028823601222,-0.21108033676194138
0.03959028823601222,-0.21108033676194138
0.03959028823601222,-0.21108033676194138
0.03959028823601222,-0.21108033676194138
0.03959028823601222,-0.21108033676194138
0.03959028823601222,-0.21108033676194138
0.03959028823601222,-0.21108033676194138
0.03959028823601222,-0.21108033676194138
0.03959028823601222,-0.21108033676194138
0.03959028823601222,-0.21108033676194138
0.03959028823601222,-0.21108033676194138
0.03959028823601222,-0.21108033676194138
0.03959028823601222,-0.21108033676194138
0.03959028823601222,-0.21108033676194138
0.03959028823601222,-0.21108033676194138
0.03959028823601222,-0.21108033676194138
0.03959028823601222,-0.21108033676194138
0.03959028823601222,-0.21108033676194138
0.03959028823601222,-0.21108033676194138
0.03959028823601222,-0.21108033676194138
0.03959028823601222,-0.21108033676194138
0.03959028823601222,-0.21108033676194138
0.03959028823601222,-0.21108033676194138
0.03959028823601222,-0.21108033676194138
0.03959028823601222,-0.21108033676194138
0.03959028823601222,-0.21108033676194138
0.03959028823601222,-0.21108033676194138
0.03959028823601222,-0.21108033676194138
0.03959028823601222,-0.21108033676194138
0.03959028823601222,-0.21108033676194138
0.03959028823601222,-0.21108033676194138
0.03959028823601222,-0.21108033676194138
0.03959028823601222,-0.21108033676194138
0.03959028823601222,-0.21108033676194138
0.03959028823601222,-0.21108033676194138
0.03959028823601222,-0.21108033676194138
0.03959028823601222,-0.21108033676194138
0.03959028823601222,-0.21108033676194138
0.03959028823601222,-0.21108033676194138
0.03959028823601222,-0.21108033676194138
0.03959028823601222,-0.21108033676194138
0.03959028823601222,-0.21108033676194138
0.03959028823601222,-0.21108033676194138
0.03959028823601222,-0.21108033676194138
0.03959028823601222,-0.21108033676194138
0.03959028823601222,-0.21108033676194138
0.03959028823601222,-0.21108033676194138
0.03959028823601222,-0.21108033676194138
0.03959028823601222,-0.21108033676194138
0.03959028823601222,-0.21108033676194138
0.03959028823601222,-0.21108033676194138
0.03959028823601222,-0.21108033676194138
0.11886508009049142,0.2634132281391231
0.11886508009049142,0.2634132281391231
0.11886508009049142,0.2634132281391231
0.11886508009049142,0.2634132281391231
0.11886508009049142,0.2634132281391231
0.11886508009049142,0.2634132281391231
0.11886508009049142,0.2634132281391231
0.11886508009049142,0.2634132281391231
0.11886508009049142,0.2634132281391231
0.11886508009049142,0.2634132281391231
0.11886508009049142,0.2634132281391231
0.11886508009049142,0.2634132281391231
0.11886508009049142,0.2634132281391231
0.11886508009049142,0.2634132281391231
0.11886508009049142,0.2634132281391231
0.11886508009049142,0.2634132281391231
0.11886508009049142,0.2634132281391231
0.11886508009049142,0.2634132281391231
0.11886508009049142,0.2634132281391231
0.11886508009049142,0.2634132281391231
0.11886508009049142,0.2634132281391231
0.11886508009049142,0.2634132281391231
0.11886508009049142,0.2634132281391231
0.11886508009049142,0.2634132281391231
0.11886508009049142,0.2634132281391231
0.11886508009049142,0.2634132281391231
0.11886508009049142,0.2634132281391231
0.11886508009049142,0.2634132281391231
0.11886508009049142,0.2634132281391231
0.11886508009049142,0.2634132281391231
0.11886508009049142,0.2634132281391231
0.11886508009049142,0.2634132281391231
0.11886508009049142,0.2634132281391231
0.11886508009049142,0.2634132281391231
0.11886508009049142,0.2634132281391231
0.11886508009049142,0.2634132281391231
0.11886508009049142,0.2634132281391231
0.11886508009049142,0.2634132281391231
0.11886508009049142,0.2634132281391231
0.11886508009049142,0.2634132281391231
0.11886508009049142,0.2634132281391231
0.11886508009049142,0.2634132281391231
0.11886508009049142,0.2634132281391231
0.11886508009049142,0.2634132281391231
0.11886508009049142,0.2634132281391231
0.11886508009049142,0.2634132281391231
0.11886508009049142,0.2634132281391231
0.11886508009049142,0.2634132281391231
0.11886508009049142,0.2634132281391231
0.11886508009049142,0.2634132281391231
0.11886508009049142,0.2634132281391231
0.11886508009049142,0.2634132281391231
0.11886508009049142,0.2634132281391231
0.11886508009049142,0.2634132281391231
0.11886508009049142,0.2634132281391231
0.11886508009049142,0.2634132281391231
0.11886508009049142,0.2634132281391231
0.11886508009049142,0.2634132281391231
0.11886508009049142,0.2634132281391231
0.11886508009049142,0.2634132281391231
0.11886508009049142,0.2634132281391231
0.11886508009049142,0.2634132281391231
0.11886508009049142,0.2634132281391231
0.11886508009049142,0.2634132281391231
0.11886508009049142,0.2634132281391231
0.11886508009049142,0.2634132281391231
0.11886508009049142,0.2634132281391231
0.11886508009049142,0.2634132281391231
0.11886508009049142,0.2634132281391231
0.11886508009049142,0.2634132281391231
0.11886508009049142,0.2634132281391231
0.11886508009049142,0.2634132281391231
0.11886508009049142,0.2634132281391231
0.11886508009049142,0.2634132281391231
0.11886508009049142,0.2634132281391231
0.11886508009049142,0.2634132281391231
0.11886508009049142,0.2634132281391231
0.11886508009049142,0.2634132281391231
0.11886508009049142,0.2634132281391231
0.11886508009049142,0.2634132281391231
0.11886508009049142,0.2634132281391231
0.11886508009049142,0.2634132281391231
0.11886508009049142,0.2634132281391231
0.11886508009049142,0.2634132281391231
0.11886508009049142,0.2634132281391231
0.11886508009049142,0.2634132281391231
0.11886508009049142,0.2634132281391231
0.11886508009049142,0.2634132281391231
0.11886508009049142,0.2634132281391231
0.11886508009049142,0.2634132281391231
0.11886508009049142,0.2634132281391231
0.11886508009049142,0.2634132281391231
0.11886508009049142,0.2634132281391231
0.11886508009049142,0.2634132281391231
0.11886508009049142,0.2634132281391231
0.11886508009049142,0.2634132281391231
0.11886508009049142,0.2634132281391231
0.11886508009049142,0.2634132281391231
0.11886508009049142,0.2634132281391231
0.11886508009049142,0.2634132281391231
0.11886508009049142,0.2634132281391231
0.19585406431020885,0.7548465191092562
0.19585406431020885,0.7548465191092562
0.19585406431020885,0.7548465191092562
0.19585406431020885,0.7548465191092562
0.19585406431020885,0.7548465191092562
0.19585406431020885,0.7548465191092562
0.19585406431020885,0.7548465191092562
0.19585406431020885,0.7548465191092562
0.19585406431020885,0.7548465191092562
0.19585406431020885,0.7548465191092562
0.19585406431020885,0.7548465191092562
0.19585406431020885,0.7548465191092562
0.19585406431020885,0.7548465191092562
0.19585406431020885,0.7548465191092562
0.19585406431020885,0.7548465191092562
0.19585406431020885,0.7548465191092562
0.19585406431020885,0.7548465191092562
0.19585406431020885,0.7548465191092562
0.19585406431020885,0.7548465191092562
0.19585406431020885,0.7548465191092562
0.19585406431020885,0.7548465191092562
0.19585406431020885,0.7548465191092562
0.19585406431020885,0.7548465191092562
0.19585406431020885,0.7548465191092562
0.19585406431020885,0.7548465191092562
0.19585406431020885,0.7548465191092562
0.19585406431020885,0.7548465191092562
0.19585406431020885,0.7548465191092562
0.19585406431020885,0.7548465191092562
0.19585406431020885,0.7548465191092562
0.19585406431020885,0.7548465191092562
0.19585406431020885,0.7548465191092562
0.19585406431020885,0.7548465191092562
0.19585406431020885,0.7548465191092562
0.19585406431020885,0.7548465191092562
0.19585406431020885,0.7548465191092562
0.19585406431020885,0.7548465191092562
0.19585406431020885,0.7548465191092562
0.19585406431020885,0.7548465191092562
0.19585406431020885,0.7548465191092562
0.19585406431020885,0.7548465191092562
0.19585406431020885,0.7548465191092562
0.19585406431020885,0.7548465191092562
0.19585406431020885,0.7548465191092562
0.19585406431020885,0.7548465191092562
0.19585406431020885,0.7548465191092562
0.19585406431020885,0.7548465191092562
0.19585406431020885,0.7548465191092562
0.19585406431020885,0.7548465191092562
0.19585406431020885,0.7548465191092562
0.19585406431020885,0.7548465191092562
0.19585406431020885,0.7548465191092562
0.19585406431020885,0.7548465191092562
0.19585406431020885,0.7548465191092562
0.19585406431020885,0.7548465191092562
0.19585406431020885,0.7548465191092562
0.19585406431020885,0.7548465191092562
0.19585406431020885,0.7548465191092562
0.19585406431020885,0.7548465191092562
0.19585406431020885,0.7548465191092562
0.19585406431020885,0.7548465191092562
0.19585406431020885,0.7548465191092562
0.19585406431020885,0.7548465191092562
0.19585406431020885,0.7548465191092562
0.19585406431020885,0.7548465191092562
0.19585406431020885,0.7548465191092562
0.19585406431020885,0.7548465191092562
0.19585406431020885,0.7548465191092562
0.19585406431020885,0.7548465191092562
0.19585406431020885,0.7548465191092562
0.19585406431020885,0.7548465191092562
0.19585406431020885,0.7548465191092562
0.19585406431020885,0.7548465191092562
0.19585406431020885,0.7548465191092562
0.19585406431020885,0.7548465191092562
0.19585406431020885,0.7548465191092562
0.19585406431020885,0.7548465191092562
0.19585406431020885,0.7548465191092562
0.19585406431020885,0.7548465191092562
0.19585406431020885,0.7548465191092562
0.19585406431020885,0.7548465191092562
0.19585406431020885,0.7548465191092562
0.19585406431020885,0.7548465191092562
0.19585406431020885,0.7548465191092562
0.19585406431020885,0.7548465191092562
0.19585406431020885,0.7548465191092562
0.19585406431020885,0.7548465191092562
0.19585406431020885,0.7548465191092562
0.19585406431020885,0.7548465191092562
0.19585406431020885,0.7548465191092562
0.19585406431020885,0.7548465191092562
0.19585406431020885,0.7548465191092562
0.19585406431020885,0.7548465191092562
0.19585406431020885,0.7548465191092562
0.19585406431020885,0.7548465191092562
0.19585406431020885,0.7548465191092562
0.19585406431020885,0.7548465191092562
0.19585406431020885,0.7548465191092562
0.19585406431020885,0.7548465191092562
0.19585406431020885,0.7548465191092562
0.19585406431020885,0.7548465191092562
0.2703659398846818,1.2474200207999915
0.2703659398846818,1.2474200207999915
0.2703659398846818,1.2474200207999915
0.2703659398846818,1.2474200207999915
0.2703659398846818,1.2474200207999915
0.2703659398846818,1.2474200207999915
0.2703659398846818,1.2474200207999915
0.2703659398846818,1.2474200207999915
0.2703659398846818,1.2474200207999915
0.2703659398846818,1.2474200207999915
0.2703659398846818,1.2474200207999915
0.2703659398846818,1.2474200207999915
0.2703659398846818,1.2474200207999915
0.2703659398846818,1.2474200207999915
0.2703659398846818,1.2474200207999915
0.2703659398846818,1.2474200207999915
0.2703659398846818,1.2474200207999915
0.2703659398846818,1.2474200207999915
0.2703659398846818,1.2474200207999915
0.2703659398846818,1.2474200207999915
0.2703659398846818,1.2474200207999915
0.2703659398846818,1.2474200207999915
0.2703659398846818,1.2474200207999915
0.2703659398846818,1.2474200207999915
0.2703659398846818,1.2474200207999915
0.2703659398846818,1.2474200207999915
0.2703659398846818,1.2474200207999915
0.2703659398846818,1.2474200207999915
0.2703659398846818,1.2474200207999915
0.2703659398846818,1.2474200207999915
0.2703659398846818,1.2474200207999915
0.2703659398846818,1.2474200207999915
0.2703659398846818,1.2474200207999915
0.2703659398846818,1.2474200207999915
0.2703659398846818,1.2474200207999915
0.2703659398846818,1.2474200207999915
0.2703659398846818,1.2474200207999915
0.2703659398846818,1.2474200207999915
0.2703659398846818,1.2474200207999915
0.2703659398846818,1.2474200207999915
0.2703659398846818,1.2474200207999915
0.2703659398846818,1.2474200207999915
0.2703659398846818,1.2474200207999915
0.2703659398846818,1.2474200207999915
0.2703659398846818,1.2474200207999915
0.2703659398846818,1.2474200207999915
0.2703659398846818,1.2474200207999915
0.2703659398846818,1.2474200207999915
0.2703659398846818,1.2474200207999915
0.2703659398846818,1.2474200207999915
0.2703659398846818,1.2474200207999915
0.2703659398846818,1.2474200207999915
0.2703659398846818,1.2474200207999915
0.2703659398846818,1.2474200207999915
0.2703659398846818,1.2474200207999915
0.2703659398846818,1.2474200207999915
0.2703659398846818,1.2474200207999915
0.2703659398846818,1.2474200207999915
0.2703659398846818,1.2474200207999915
0.2703659398846818,1.2474200207999915
0.2703659398846818,1.2474200207999915
0.2703659398846818,1.2474200207999915
0.2703659398846818,1.2474200207999915
0.2703659398846818,1.2474200207999915
0.2703659398846818,1.2474200207999915
0.2703659398846818,1.2474200207999915
0.2703659398846818,1.2474200207999915
0.2703659398846818,1.2474200207999915
0.2703659398846818,1.2474200207999915
0.2703659398846818,1.2474200207999915
0.2703659398846818,1.2474200207999915
0.2703659398846818,1.2474200207999915
0.2703659398846818,1.2474200207999915
0.2703659398846818,1.2474200207999915
0.2703659398846818,1.2474200207999915
0.2703659398846818,1.2474200207999915
0.2703659398846818,1.2474200207999915
0.2703659398846818,1.2474200207999915
0.2703659398846818,1.2474200207999915
0.2703659398846818,1.2474200207999915
0.2703659398846818,1.2474200207999915
0.2703659398846818,1.2474200207999915
0.2703659398846818,1.2474200207999915
0.2703659398846818,1.2474200207999915
0.2703659398846818,1.2474200207999915
0.2703659398846818,1.2474200207999915
0.2703659398846818,1.2474200207999915
0.2703659398846818,1.2474200207999915
0.2703659398846818,1.2474200207999915
0.2703659398846818,1.2474200207999915
0.2703659398846818,1.2474200207999915
0.2703659398846818,1.2474200207999915
0.2703659398846818,1.2474200207999915
0.2703659398846818,1.2474200207999915
0.2703659398846818,1.2474200207999915
0.2703659398846818,1.2474200207999915
0.2703659398846818,1.2474200207999915
0.2703659398846818,1.2474200207999915
0.2703659398846818,1.2474200207999915
0.2703659398846818,1.2474200207999915
0.2703659398846818,1.2474200207999915
0.34763554084381165,1.736475723489261
0.34763554084381165,1.736475723489261
0.34763554084381165,1.736475723489261
0.34763554084381165,1.736475723489261
0.34763554084381165,1.736475723489261
0.34763554084381165,1.736475723489261
0.34763554084381165,1.736475723489261
0.34763554084381165,1.736475723489261
0.30892755748032324,1.7465566292521522
0.30892755748032324,1.7465566292521522
0.30892755748032324,1.7465566292521522
0.30892755748032324,1.7465566292521522
0.30892755748032324,1.7465566292521522
0.30892755748032324,1.7465566292521522
0.30892755748032324,1.7465566292521522
0.30892755748032324,1.7465566292521522
0.30892755748032324,1.7465566292521522
0.30892755748032324,1.7465566292521522
0.30892755748032324,1.7465566292521522
0.30892755748032324,1.7465566292521522
0.30892755748032324,1.7465566292521522
0.30892755748032324,1.7465566292521522
0.30892755748032324,1.7465566292521522
0.30892755748032324,1.7465566292521522
0.30892755748032324,1.7465566292521522
0.30892755748032324,1.7465566292521522
0.30892755748032324,1.7465566292521522
0.30892755748032324,1.7465566292521522
0.30892755748032324,1.7465566292521522
0.30892755748032324,1.7465566292521522
0.30892755748032324,1.7465566292521522
0.30892755748032324,1.7465566292521522
0.30892755748032324,1.7465566292521522
0.30892755748032324,1.7465566292521522
0.30892755748032324,1.7465566292521522
0.30892755748032324,1.7465566292521522
0.30892755748032324,1.7465566292521522
0.30892755748032324,1.7465566292521522
0.30892755748032324,1.7465566292521522
0.30892755748032324,1.7465566292521522
0.30892755748032324,1.7465566292521522
0.30892755748032324,1.7465566292521522
0.30892755748032324,1.7465566292521522
0.30892755748032324,1.7465566292521522
0.30892755748032324,1.7465566292521522
0.30892755748032324,1.7465566292521522
0.30892755748032324,1.7465566292521522
0.30892755748032324,1.7465566292521522
0.30892755748032324,1.7465566292521522
0.30892755748032324,1.7465566292521522
0.30892755748032324,1.7465566292521522
0.30892755748032324,1.7465566292521522
0.30892755748032324,1.7465566292521522
0.30892755748032324,1.7465566292521522
0.30892755748032324,1.7465566292521522
0.30892755748032324,1.7465566292521522
0.30892755748032324,1.7465566292521522
0.30892755748032324,1.7465566292521522
0.30892755748032324,1.7465566292521522
0.30892755748032324,1.7465566292521522
0.30892755748032324,1.7465566292521522
0.30892755748032324,1.7465566292521522
0.30892755748032324,1.7465566292521522
0.30892755748032324,1.7465566292521522
0.30892755748032324,1.7465566292521522
0.30892755748032324,1.7465566292521522
0.30892755748032324,1.7465566292521522
0.30892755748032324,1.7465566292521522
0.30892755748032324,1.7465566292521522
0.30892755748032324,1.7465566292521522
0.30892755748032324,1.7465566292521522
0.30892755748032324,1.7465566292521522
0.30892755748032324,1.7465566292521522
0.30892755748032324,1.7465566292521522
0.30892755748032324,1.7465566292521522
0.30892755748032324,1.7465566292521522
0.30892755748032324,1.7465566292521522
0.30892755748032324,1.7465566292521522
0.30892755748032324,1.7465566292521522
0.30892755748032324,1.7465566292521522
0.30892755748032324,1.7465566292521522
0.30892755748032324,1.7465566292521522
0.30892755748032324,1.7465566292521522
0.30892755748032324,1.7465566292521522
0.30892755748032324,1.7465566292521522
0.30892755748032324,1.7465566292521522
0.30892755748032324,1.7465566292521522
0.30892755748032324,1.7465566292521522
0.30892755748032324,1.7465566292521522
0.30892755748032324,1.7465566292521522
0.30892755748032324,1.7465566292521522
0.30892755748032324,1.7465566292521522
0.30892755748032324,1.7465566292521522
0.30892755748032324,1.7465566292521522
0.30892755748032324,1.7465566292521522
0.30892755748032324,1.7465566292521522
0.30892755748032324,1.7465566292521522
0.30892755748032324,1.7465566292521522
0.30892755748032324,1.7465566292521522
0.30892755748032324,1.7465566292521522
0.30892755748032324,1.7465566292521522
0.30892755748032324,1.7465566292521522
0.30892755748032324,1.7465566292521522
0.30892755748032324,1.7465566292521522
0.30892755748032324,1.7465566292521522
0.30892755748032324,1.7465566292521522
0.30892755748032324,1.7465566292521522
0.30892755748032324,1.7465566292521522
0.30892755748032324,1.7465566292521522
0.48336144824682964,2.2127218187771542
0.48336144824682964,2.2127218187771542
0.48336144824682964,2.2127218187771542
0.48336144824682964,2.2127218187771542
0.48336144824682964,2.2127218187771542
0.48336144824682964,2.2127218187771542
0.48336144824682964,2.2127218187771542
0.48336144824682964,2.2127218187771542
0.48336144824682964,2.2127218187771542
0.48336144824682964,2.2127218187771542
0.48336144824682964,2.2127218187771542
0.48336144824682964,2.2127218187771542
0.48336144824682964,2.2127218187771542
0.48336144824682964,2.2127218187771542
0.48336144824682964,2.2127218187771542
0.48336144824682964,2.2127218187771542
0.48336144824682964,2.2127218187771542
0.48336144824682964,2.2127218187771542
0.48336144824682964,2.2127218187771542
0.48336144824682964,2.2127218187771542
0.48336144824682964,2.2127218187771542
0.48336144824682964,2.2127218187771542
0.48336144824682964,2.2127218187771542
0.48336144824682964,2.2127218187771542
0.48336144824682964,2.2127218187771542
0.48336144824682964,2.2127218187771542
0.48336144824682964,2.2127218187771542
0.48336144824682964,2.2127218187771542
0.48336144824682964,2.2127218187771542
0.48336144824682964,2.2127218187771542
0.48336144824682964,2.2127218187771542
0.48336144824682964,2.2127218187771542
0.48336144824682964,2.2127218187771542
0.48336144824682964,2.2127218187771542
0.48336144824682964,2.2127218187771542
0.48336144824682964,2.2127218187771542
0.48336144824682964,2.2127218187771542
0.48336144824682964,2.2127218187771542
0.48336144824682964,2.2127218187771542
0.48336144824682964,2.2127218187771542
0.48336144824682964,2.2127218187771542
0.48336144824682964,2.2127218187771542
0.48336144824682964,2.2127218187771542
0.48336144824682964,2.2127218187771542
0.48336144824682964,2.2127218187771542
0.48336144824682964,2.2127218187771542
0.48336144824682964,2.2127218187771542
0.48336144824682964,2.2127218187771542
0.48336144824682964,2.2127218187771542
0.48336144824682964,2.2127218187771542
0.48336144824682964,2.2127218187771542
0.48336144824682964,2.2127218187771542
0.48336144824682964,2.2127218187771542
0.48336144824682964,2.2127218187771542
0.48336144824682964,2.2127218187771542
0.48336144824682964,2.2127218187771542
0.48336144824682964,2.2127218187771542
0.48336144824682964,2.2127218187771542
0.48336144824682964,2.2127218187771542
0.48336144824682964,2.2127218187771542
0.48336144824682964,2.2127218187771542
0.48336144824682964,2.2127218187771542
0.48336144824682964,2.2127218187771542
0.48336144824682964,2.2127218187771542
0.48336144824682964,2.2127218187771542
0.48336144824682964,2.2127218187771542
0.48336144824682964,2.2127218187771542
0.48336144824682964,2.2127218187771542
0.48336144824682964,2.2127218187771542
0.48336144824682964,2.2127218187771542
0.48336144824682964,2.2127218187771542
0.48336144824682964,2.2127218187771542
0.48336144824682964,2.2127218187771542
0.48336144824682964,2.2127218187771542
0.48336144824682964,2.2127218187771542
0.48336144824682964,2.2127218187771542
0.48336144824682964,2.2127218187771542
0.48336144824682964,2.2127218187771542
0.48336144824682964,2.2127218187771542
0.48336144824682964,2.2127218187771542
0.48336144824682964,2.2127218187771542
0.48336144824682964,2.2127218187771542
0.48336144824682964,2.2127218187771542
0.48336144824682964,2.2127218187771542
0.48336144824682964,2.2127218187771542
0.48336144824682964,2.2127218187771542
0.48336144824682964,2.2127218187771542
0.48336144824682964,2.2127218187771542
0.48336144824682964,2.2127218187771542
0.48336144824682964,2.2127218187771542
0.48336144824682964,2.2127218187771542
0.48336144824682964,2.2127218187771542
0.48336144824682964,2.2127218187771542
0.48336144824682964,2.2127218187771542
0.48336144824682964,2.2127218187771542
0.48336144824682964,2.2127218187771542
0.48336144824682964,2.2127218187771542
0.48336144824682964,2.2127218187771542
0.48336144824682964,2.2127218187771542
0.48336144824682964,2.2127218187771542
0.48336144824682964,2.2127218187771542
0.6541800685295969,2.6776383700093924
0.6541800685295969,2.6776383700093924
0.6541800685295969,2.6776383700093924
0.6541800685295969,2.6776383700093924
0.6541800685295969,2.6776383700093924
0.6541800685295969,2.6776383700093924
0.6541800685295969,2.6776383700093924
0.6541800685295969,2.6776383700093924
0.6541800685295969,2.6776383700093924
0.6541800685295969,2.6776383700093924
0.6541800685295969,2.6776383700093924
0.6541800685295969,2.6776383700093924
0.6988473792947095,2.656908287371938
